variant,shift,shift_noise,concept_id,monotonicity,specificity,sufficiency,offmanifold_residual,cfs
supervised_steer,clean,0.0,122,1.0,0.7302,0.5928,0.0199,0.7396
supervised_steer,clean,0.0,160,1.0,0.576,0.5372,0.0449,0.6525
supervised_steer,clean,0.0,152,1.0,0.5071,0.6125,0.0257,0.6515
supervised_steer,clean,0.0,231,1.0,0.6566,0.545,0.0389,0.6884
supervised_steer,clean,0.0,118,1.0,0.576,0.5372,0.0449,0.6525
supervised_steer,clean,0.0,201,1.0,0.7302,0.5928,0.0199,0.7396
supervised_steer,clean,0.0,47,1.0,0.6566,0.545,0.0389,0.6884
supervised_steer,clean,0.0,135,1.0,0.6566,0.545,0.0389,0.6884
supervised_steer,clean,0.0,91,1.0,0.6354,0.5741,0.0283,0.6952
supervised_steer,clean,0.0,136,1.0,0.6354,0.5741,0.0283,0.6952
supervised_steer,clean,0.0,77,1.0,0.576,0.5372,0.0449,0.6525
supervised_steer,clean,0.0,59,1.0,0.5071,0.6125,0.0257,0.6515
supervised_steer,clean,0.0,227,1.0,0.6354,0.5741,0.0283,0.6952
supervised_steer,clean,0.0,79,1.0,0.6354,0.5741,0.0283,0.6952
supervised_steer,clean,0.0,38,1.0,0.6354,0.5741,0.0283,0.6952
supervised_steer,clean,0.0,172,1.0,0.576,0.5372,0.0449,0.6525
supervised_steer,clean,0.0,19,1.0,0.5336,0.652,0.0373,0.6806
supervised_steer,clean,0.0,222,1.0,0.576,0.5372,0.0449,0.6525
supervised_steer,clean,0.0,204,1.0,0.6354,0.5741,0.0283,0.6952
supervised_steer,clean,0.0,179,1.0,0.7302,0.5928,0.0199,0.7396
supervised_steer,clean,0.0,22,1.0,0.6354,0.5741,0.0283,0.6952
supervised_steer,clean,0.0,57,1.0,0.7302,0.5928,0.0199,0.7396
supervised_steer,clean,0.0,139,1.0,0.6354,0.5741,0.0283,0.6952
supervised_steer,clean,0.0,14,1.0,0.576,0.5372,0.0449,0.6525
onmanifold_steer,clean,0.0,122,1.0,0.4673,0.4226,0.0,0.5448
onmanifold_steer,clean,0.0,160,0.0,0.3522,0.3229,0.0,0.0
onmanifold_steer,clean,0.0,152,1.0,0.4768,0.368,0.0,0.5159
onmanifold_steer,clean,0.0,231,1.0,0.512,0.3278,0.0,0.4997
onmanifold_steer,clean,0.0,118,1.0,0.4818,0.3159,0.0,0.4807
onmanifold_steer,clean,0.0,201,0.0,0.5226,0.3431,0.0,0.0
onmanifold_steer,clean,0.0,47,1.0,0.6455,0.3051,0.0,0.5149
onmanifold_steer,clean,0.0,135,1.0,0.532,0.3093,0.0,0.4908
onmanifold_steer,clean,0.0,91,1.0,0.4769,0.3236,0.0,0.4849
onmanifold_steer,clean,0.0,136,1.0,0.5187,0.3185,0.0,0.4944
onmanifold_steer,clean,0.0,77,1.0,0.2666,0.2955,0.0,0.3687
onmanifold_steer,clean,0.0,59,1.0,0.382,0.3337,0.0,0.4536
onmanifold_steer,clean,0.0,227,1.0,0.496,0.3095,0.0,0.4802
onmanifold_steer,clean,0.0,79,0.0,0.4093,0.3114,0.0,0.0
onmanifold_steer,clean,0.0,38,1.0,0.5441,0.314,0.0,0.4982
onmanifold_steer,clean,0.0,172,0.0,0.247,0.2875,0.0,0.0
onmanifold_steer,clean,0.0,19,0.0,0.3494,0.3471,0.0,0.0
onmanifold_steer,clean,0.0,222,1.0,0.5878,0.2746,0.0,0.473
onmanifold_steer,clean,0.0,204,1.0,0.1923,0.3009,0.0,0.315
onmanifold_steer,clean,0.0,179,1.0,0.5462,0.307,0.0,0.4928
onmanifold_steer,clean,0.0,22,1.0,0.5069,0.2979,0.0,0.4739
onmanifold_steer,clean,0.0,57,0.0,0.5142,0.3018,0.0,0.0
onmanifold_steer,clean,0.0,139,0.0,0.4279,0.2913,0.0,0.0
onmanifold_steer,clean,0.0,14,0.0,0.5335,0.2636,0.0,0.0
clamp_steer,clean,0.0,122,1.0,0.4882,0.2878,0.3311,0.46
clamp_steer,clean,0.0,160,0.0,0.4463,0.2163,0.5813,0.0
clamp_steer,clean,0.0,152,1.0,0.4009,0.2383,0.4127,0.3901
clamp_steer,clean,0.0,231,1.0,0.5576,0.2222,0.6556,0.4113
clamp_steer,clean,0.0,118,1.0,0.3873,0.2036,0.47,0.3532
clamp_steer,clean,0.0,201,0.0,0.607,0.2291,0.322,0.0
clamp_steer,clean,0.0,47,1.0,0.6011,0.2038,0.6101,0.3963
clamp_steer,clean,0.0,135,1.0,0.5647,0.2248,0.3951,0.4155
clamp_steer,clean,0.0,91,1.0,0.389,0.2353,0.5106,0.3835
clamp_steer,clean,0.0,136,1.0,0.5142,0.2082,0.2735,0.3872
clamp_steer,clean,0.0,77,1.0,0.1145,0.2027,0.3807,0.2045
clamp_steer,clean,0.0,59,1.0,0.5192,0.2279,0.4003,0.4102
clamp_steer,clean,0.0,227,1.0,0.3083,0.2079,0.4599,0.3314
clamp_steer,clean,0.0,79,0.0,0.5047,0.1902,0.3984,0.0
clamp_steer,clean,0.0,38,1.0,0.4305,0.2048,0.6055,0.3656
clamp_steer,clean,0.0,172,0.0,0.2992,0.1886,0.5213,0.0
clamp_steer,clean,0.0,19,0.0,0.4625,0.2416,0.2999,0.0
clamp_steer,clean,0.0,222,1.0,0.6402,0.201,0.4322,0.398
clamp_steer,clean,0.0,204,1.0,0.3492,0.1925,0.3152,0.3312
clamp_steer,clean,0.0,179,1.0,0.6113,0.2242,0.2742,0.4227
clamp_steer,clean,0.0,22,1.0,0.3968,0.2018,0.3932,0.354
clamp_steer,clean,0.0,57,0.0,0.5909,0.1952,0.4892,0.0
clamp_steer,clean,0.0,139,0.0,0.1709,0.1769,0.4948,0.0
clamp_steer,clean,0.0,14,0.0,0.2905,0.1798,0.6944,0.0
naive_steer,clean,0.0,122,1.0,0.4882,0.4249,0.3311,0.5554
naive_steer,clean,0.0,160,0.0,0.4463,0.3246,0.5813,0.0
naive_steer,clean,0.0,152,1.0,0.4009,0.3684,0.4127,0.4832
naive_steer,clean,0.0,231,1.0,0.5576,0.3278,0.6556,0.5133
naive_steer,clean,0.0,118,1.0,0.3873,0.3139,0.47,0.4432
naive_steer,clean,0.0,201,0.0,0.607,0.3427,0.322,0.0
naive_steer,clean,0.0,47,1.0,0.6011,0.312,0.6101,0.5111
naive_steer,clean,0.0,135,1.0,0.5647,0.3098,0.3951,0.5001
naive_steer,clean,0.0,91,1.0,0.389,0.3252,0.5106,0.4514
naive_steer,clean,0.0,136,1.0,0.5142,0.3204,0.2735,0.4946
naive_steer,clean,0.0,77,1.0,0.1145,0.2938,0.3807,0.2284
naive_steer,clean,0.0,59,1.0,0.5192,0.3328,0.4003,0.5058
naive_steer,clean,0.0,227,1.0,0.3083,0.3109,0.4599,0.4021
naive_steer,clean,0.0,79,0.0,0.5047,0.3104,0.3984,0.0
naive_steer,clean,0.0,38,1.0,0.4305,0.3101,0.6055,0.4581
naive_steer,clean,0.0,172,0.0,0.2992,0.2884,0.5213,0.0
naive_steer,clean,0.0,19,0.0,0.4625,0.349,0.2999,0.0
naive_steer,clean,0.0,222,1.0,0.6402,0.2821,0.4322,0.4913
naive_steer,clean,0.0,204,1.0,0.3492,0.2997,0.3152,0.4166
naive_steer,clean,0.0,179,1.0,0.6113,0.3076,0.2742,0.5096
naive_steer,clean,0.0,22,1.0,0.3968,0.2974,0.3932,0.4359
naive_steer,clean,0.0,57,0.0,0.5909,0.3045,0.4892,0.0
naive_steer,clean,0.0,139,0.0,0.1709,0.293,0.4948,0.0
naive_steer,clean,0.0,14,0.0,0.2905,0.2727,0.6944,0.0
random_steer,clean,0.0,122,1.0,0.0,0.0528,0.8724,0.0
random_steer,clean,0.0,160,0.0,0.0,0.0568,0.8724,0.0
random_steer,clean,0.0,152,0.0,0.0,0.004,0.8724,0.0
random_steer,clean,0.0,231,1.0,0.0,0.0432,0.8724,0.0
random_steer,clean,0.0,118,0.0,0.0,0.0568,0.8724,0.0
random_steer,clean,0.0,201,1.0,0.0,0.0528,0.8724,0.0
random_steer,clean,0.0,47,1.0,0.0,0.0432,0.8724,0.0
random_steer,clean,0.0,135,1.0,0.0,0.0432,0.8724,0.0
random_steer,clean,0.0,91,1.0,0.0,0.0809,0.8724,0.0
random_steer,clean,0.0,136,1.0,0.0,0.0809,0.8724,0.0
random_steer,clean,0.0,77,0.0,0.0,0.0568,0.8724,0.0
random_steer,clean,0.0,59,0.0,0.0,0.004,0.8724,0.0
random_steer,clean,0.0,227,1.0,0.0,0.0809,0.8724,0.0
random_steer,clean,0.0,79,1.0,0.0,0.0809,0.8724,0.0
random_steer,clean,0.0,38,1.0,0.0,0.0809,0.8724,0.0
random_steer,clean,0.0,172,0.0,0.0,0.0568,0.8724,0.0
random_steer,clean,0.0,19,1.0,0.0,0.0042,0.8724,0.0
random_steer,clean,0.0,222,0.0,0.0,0.0568,0.8724,0.0
random_steer,clean,0.0,204,1.0,0.0,0.0809,0.8724,0.0
random_steer,clean,0.0,179,1.0,0.0,0.0528,0.8724,0.0
random_steer,clean,0.0,22,1.0,0.0,0.0809,0.8724,0.0
random_steer,clean,0.0,57,1.0,0.0,0.0528,0.8724,0.0
random_steer,clean,0.0,139,1.0,0.0,0.0809,0.8724,0.0
random_steer,clean,0.0,14,0.0,0.0,0.0568,0.8724,0.0
supervised_steer,ImgNet-R,0.35,122,1.0,0.7302,0.6065,0.0199,0.7466
supervised_steer,ImgNet-R,0.35,160,1.0,0.576,0.5571,0.0449,0.6621
supervised_steer,ImgNet-R,0.35,152,1.0,0.5071,0.6351,0.0257,0.6599
supervised_steer,ImgNet-R,0.35,231,1.0,0.6566,0.5682,0.0389,0.7004
supervised_steer,ImgNet-R,0.35,118,1.0,0.576,0.5571,0.0449,0.6621
supervised_steer,ImgNet-R,0.35,201,1.0,0.7302,0.6065,0.0199,0.7466
supervised_steer,ImgNet-R,0.35,47,1.0,0.6566,0.5682,0.0389,0.7004
supervised_steer,ImgNet-R,0.35,135,1.0,0.6566,0.5682,0.0389,0.7004
supervised_steer,ImgNet-R,0.35,91,1.0,0.6354,0.6078,0.0283,0.7111
supervised_steer,ImgNet-R,0.35,136,1.0,0.6354,0.6078,0.0283,0.7111
supervised_steer,ImgNet-R,0.35,77,1.0,0.576,0.5571,0.0449,0.6621
supervised_steer,ImgNet-R,0.35,59,1.0,0.5071,0.6351,0.0257,0.6599
supervised_steer,ImgNet-R,0.35,227,1.0,0.6354,0.6078,0.0283,0.7111
supervised_steer,ImgNet-R,0.35,79,1.0,0.6354,0.6078,0.0283,0.7111
supervised_steer,ImgNet-R,0.35,38,1.0,0.6354,0.6078,0.0283,0.7111
supervised_steer,ImgNet-R,0.35,172,1.0,0.576,0.5571,0.0449,0.6621
supervised_steer,ImgNet-R,0.35,19,1.0,0.5336,0.6673,0.0373,0.6861
supervised_steer,ImgNet-R,0.35,222,1.0,0.576,0.5571,0.0449,0.6621
supervised_steer,ImgNet-R,0.35,204,1.0,0.6354,0.6078,0.0283,0.7111
supervised_steer,ImgNet-R,0.35,179,1.0,0.7302,0.6065,0.0199,0.7466
supervised_steer,ImgNet-R,0.35,22,1.0,0.6354,0.6078,0.0283,0.7111
supervised_steer,ImgNet-R,0.35,57,1.0,0.7302,0.6065,0.0199,0.7466
supervised_steer,ImgNet-R,0.35,139,1.0,0.6354,0.6078,0.0283,0.7111
supervised_steer,ImgNet-R,0.35,14,1.0,0.576,0.5571,0.0449,0.6621
onmanifold_steer,ImgNet-R,0.35,122,1.0,0.4673,0.4323,0.0,0.5501
onmanifold_steer,ImgNet-R,0.35,160,0.0,0.3522,0.3349,0.0,0.0
onmanifold_steer,ImgNet-R,0.35,152,1.0,0.4768,0.3816,0.0,0.5246
onmanifold_steer,ImgNet-R,0.35,231,1.0,0.512,0.3417,0.0,0.5102
onmanifold_steer,ImgNet-R,0.35,118,1.0,0.4818,0.3277,0.0,0.4896
onmanifold_steer,ImgNet-R,0.35,201,0.0,0.5226,0.3509,0.0,0.0
onmanifold_steer,ImgNet-R,0.35,47,1.0,0.6455,0.3181,0.0,0.527
onmanifold_steer,ImgNet-R,0.35,135,1.0,0.532,0.3224,0.0,0.5016
onmanifold_steer,ImgNet-R,0.35,91,1.0,0.4769,0.3426,0.0,0.4987
onmanifold_steer,ImgNet-R,0.35,136,1.0,0.5187,0.3372,0.0,0.509
onmanifold_steer,ImgNet-R,0.35,77,1.0,0.2666,0.3065,0.0,0.3743
onmanifold_steer,ImgNet-R,0.35,59,1.0,0.382,0.346,0.0,0.461
onmanifold_steer,ImgNet-R,0.35,227,1.0,0.496,0.3277,0.0,0.4944
onmanifold_steer,ImgNet-R,0.35,79,0.0,0.4093,0.3296,0.0,0.0
onmanifold_steer,ImgNet-R,0.35,38,1.0,0.5441,0.3324,0.0,0.5132
onmanifold_steer,ImgNet-R,0.35,172,0.0,0.247,0.2982,0.0,0.0
onmanifold_steer,ImgNet-R,0.35,19,0.0,0.3494,0.3552,0.0,0.0
onmanifold_steer,ImgNet-R,0.35,222,1.0,0.5878,0.2848,0.0,0.4829
onmanifold_steer,ImgNet-R,0.35,204,1.0,0.1923,0.3185,0.0,0.3212
onmanifold_steer,ImgNet-R,0.35,179,1.0,0.5462,0.3141,0.0,0.4988
onmanifold_steer,ImgNet-R,0.35,22,1.0,0.5069,0.3153,0.0,0.4883
onmanifold_steer,ImgNet-R,0.35,57,0.0,0.5142,0.3088,0.0,0.0
onmanifold_steer,ImgNet-R,0.35,139,0.0,0.4279,0.3084,0.0,0.0
onmanifold_steer,ImgNet-R,0.35,14,0.0,0.5335,0.2734,0.0,0.0
clamp_steer,ImgNet-R,0.35,122,1.0,0.4882,0.2914,0.3311,0.463
clamp_steer,ImgNet-R,0.35,160,0.0,0.4463,0.2244,0.5813,0.0
clamp_steer,ImgNet-R,0.35,152,1.0,0.4009,0.2487,0.4127,0.3991
clamp_steer,ImgNet-R,0.35,231,1.0,0.5576,0.2328,0.6556,0.4232
clamp_steer,ImgNet-R,0.35,118,1.0,0.3873,0.2117,0.47,0.3612
clamp_steer,ImgNet-R,0.35,201,0.0,0.607,0.2343,0.322,0.0
clamp_steer,ImgNet-R,0.35,47,1.0,0.6011,0.2131,0.6101,0.4078
clamp_steer,ImgNet-R,0.35,135,1.0,0.5647,0.2336,0.3951,0.4254
clamp_steer,ImgNet-R,0.35,91,1.0,0.389,0.2477,0.5106,0.3943
clamp_steer,ImgNet-R,0.35,136,1.0,0.5142,0.2203,0.2735,0.4009
clamp_steer,ImgNet-R,0.35,77,1.0,0.1145,0.2099,0.3807,0.2069
clamp_steer,ImgNet-R,0.35,59,1.0,0.5192,0.2368,0.4003,0.4196
clamp_steer,ImgNet-R,0.35,227,1.0,0.3083,0.22,0.4599,0.3413
clamp_steer,ImgNet-R,0.35,79,0.0,0.5047,0.2014,0.3984,0.0
clamp_steer,ImgNet-R,0.35,38,1.0,0.4305,0.2164,0.6055,0.3776
clamp_steer,ImgNet-R,0.35,172,0.0,0.2992,0.1959,0.5213,0.0
clamp_steer,ImgNet-R,0.35,19,0.0,0.4625,0.2472,0.2999,0.0
clamp_steer,ImgNet-R,0.35,222,1.0,0.6402,0.2071,0.4322,0.4059
clamp_steer,ImgNet-R,0.35,204,1.0,0.3492,0.2036,0.3152,0.3419
clamp_steer,ImgNet-R,0.35,179,1.0,0.6113,0.2287,0.2742,0.428
clamp_steer,ImgNet-R,0.35,22,1.0,0.3968,0.2129,0.3932,0.365
clamp_steer,ImgNet-R,0.35,57,0.0,0.5909,0.1994,0.4892,0.0
clamp_steer,ImgNet-R,0.35,139,0.0,0.1709,0.1877,0.4948,0.0
clamp_steer,ImgNet-R,0.35,14,0.0,0.2905,0.1874,0.6944,0.0
naive_steer,ImgNet-R,0.35,122,1.0,0.4882,0.4347,0.3311,0.5609
naive_steer,ImgNet-R,0.35,160,0.0,0.4463,0.3367,0.5813,0.0
naive_steer,ImgNet-R,0.35,152,1.0,0.4009,0.382,0.4127,0.4908
naive_steer,ImgNet-R,0.35,231,1.0,0.5576,0.3417,0.6556,0.5245
naive_steer,ImgNet-R,0.35,118,1.0,0.3873,0.3255,0.47,0.4509
naive_steer,ImgNet-R,0.35,201,0.0,0.607,0.3506,0.322,0.0
naive_steer,ImgNet-R,0.35,47,1.0,0.6011,0.3252,0.6101,0.5228
naive_steer,ImgNet-R,0.35,135,1.0,0.5647,0.323,0.3951,0.5113
naive_steer,ImgNet-R,0.35,91,1.0,0.389,0.3442,0.5106,0.4632
naive_steer,ImgNet-R,0.35,136,1.0,0.5142,0.3392,0.2735,0.5091
naive_steer,ImgNet-R,0.35,77,1.0,0.1145,0.3048,0.3807,0.2305
naive_steer,ImgNet-R,0.35,59,1.0,0.5192,0.3451,0.4003,0.5151
naive_steer,ImgNet-R,0.35,227,1.0,0.3083,0.3291,0.4599,0.412
naive_steer,ImgNet-R,0.35,79,0.0,0.5047,0.3286,0.3984,0.0
naive_steer,ImgNet-R,0.35,38,1.0,0.4305,0.3282,0.6055,0.471
naive_steer,ImgNet-R,0.35,172,0.0,0.2992,0.2991,0.5213,0.0
naive_steer,ImgNet-R,0.35,19,0.0,0.4625,0.3571,0.2999,0.0
naive_steer,ImgNet-R,0.35,222,1.0,0.6402,0.2926,0.4322,0.5017
naive_steer,ImgNet-R,0.35,204,1.0,0.3492,0.3173,0.3152,0.4276
naive_steer,ImgNet-R,0.35,179,1.0,0.6113,0.3147,0.2742,0.5161
naive_steer,ImgNet-R,0.35,22,1.0,0.3968,0.3149,0.3932,0.448
naive_steer,ImgNet-R,0.35,57,0.0,0.5909,0.3115,0.4892,0.0
naive_steer,ImgNet-R,0.35,139,0.0,0.1709,0.3102,0.4948,0.0
naive_steer,ImgNet-R,0.35,14,0.0,0.2905,0.2828,0.6944,0.0
random_steer,ImgNet-R,0.35,122,1.0,0.0,0.0541,0.8724,0.0
random_steer,ImgNet-R,0.35,160,0.0,0.0,0.0589,0.8724,0.0
random_steer,ImgNet-R,0.35,152,0.0,0.0,0.0042,0.8724,0.0
random_steer,ImgNet-R,0.35,231,1.0,0.0,0.0451,0.8724,0.0
random_steer,ImgNet-R,0.35,118,0.0,0.0,0.0589,0.8724,0.0
random_steer,ImgNet-R,0.35,201,1.0,0.0,0.0541,0.8724,0.0
random_steer,ImgNet-R,0.35,47,1.0,0.0,0.0451,0.8724,0.0
random_steer,ImgNet-R,0.35,135,1.0,0.0,0.0451,0.8724,0.0
random_steer,ImgNet-R,0.35,91,1.0,0.0,0.0857,0.8724,0.0
random_steer,ImgNet-R,0.35,136,1.0,0.0,0.0857,0.8724,0.0
random_steer,ImgNet-R,0.35,77,0.0,0.0,0.0589,0.8724,0.0
random_steer,ImgNet-R,0.35,59,0.0,0.0,0.0042,0.8724,0.0
random_steer,ImgNet-R,0.35,227,1.0,0.0,0.0857,0.8724,0.0
random_steer,ImgNet-R,0.35,79,1.0,0.0,0.0857,0.8724,0.0
random_steer,ImgNet-R,0.35,38,1.0,0.0,0.0857,0.8724,0.0
random_steer,ImgNet-R,0.35,172,0.0,0.0,0.0589,0.8724,0.0
random_steer,ImgNet-R,0.35,19,1.0,0.0,0.0043,0.8724,0.0
random_steer,ImgNet-R,0.35,222,0.0,0.0,0.0589,0.8724,0.0
random_steer,ImgNet-R,0.35,204,1.0,0.0,0.0857,0.8724,0.0
random_steer,ImgNet-R,0.35,179,1.0,0.0,0.0541,0.8724,0.0
random_steer,ImgNet-R,0.35,22,1.0,0.0,0.0857,0.8724,0.0
random_steer,ImgNet-R,0.35,57,1.0,0.0,0.0541,0.8724,0.0
random_steer,ImgNet-R,0.35,139,1.0,0.0,0.0857,0.8724,0.0
random_steer,ImgNet-R,0.35,14,0.0,0.0,0.0589,0.8724,0.0
supervised_steer,Sketch,0.7,122,1.0,0.7302,0.5909,0.0199,0.7386
supervised_steer,Sketch,0.7,160,1.0,0.576,0.5558,0.0449,0.6614
supervised_steer,Sketch,0.7,152,1.0,0.5071,0.627,0.0257,0.6569
supervised_steer,Sketch,0.7,231,1.0,0.6566,0.5677,0.0389,0.7002
supervised_steer,Sketch,0.7,118,1.0,0.576,0.5558,0.0449,0.6614
supervised_steer,Sketch,0.7,201,1.0,0.7302,0.5909,0.0199,0.7386
supervised_steer,Sketch,0.7,47,1.0,0.6566,0.5677,0.0389,0.7002
supervised_steer,Sketch,0.7,135,1.0,0.6566,0.5677,0.0389,0.7002
supervised_steer,Sketch,0.7,91,1.0,0.6354,0.614,0.0283,0.7139
supervised_steer,Sketch,0.7,136,1.0,0.6354,0.614,0.0283,0.7139
supervised_steer,Sketch,0.7,77,1.0,0.576,0.5558,0.0449,0.6614
supervised_steer,Sketch,0.7,59,1.0,0.5071,0.627,0.0257,0.6569
supervised_steer,Sketch,0.7,227,1.0,0.6354,0.614,0.0283,0.7139
supervised_steer,Sketch,0.7,79,1.0,0.6354,0.614,0.0283,0.7139
supervised_steer,Sketch,0.7,38,1.0,0.6354,0.614,0.0283,0.7139
supervised_steer,Sketch,0.7,172,1.0,0.576,0.5558,0.0449,0.6614
supervised_steer,Sketch,0.7,19,1.0,0.5336,0.6457,0.0373,0.6783
supervised_steer,Sketch,0.7,222,1.0,0.576,0.5558,0.0449,0.6614
supervised_steer,Sketch,0.7,204,1.0,0.6354,0.614,0.0283,0.7139
supervised_steer,Sketch,0.7,179,1.0,0.7302,0.5909,0.0199,0.7386
supervised_steer,Sketch,0.7,22,1.0,0.6354,0.614,0.0283,0.7139
supervised_steer,Sketch,0.7,57,1.0,0.7302,0.5909,0.0199,0.7386
supervised_steer,Sketch,0.7,139,1.0,0.6354,0.614,0.0283,0.7139
supervised_steer,Sketch,0.7,14,1.0,0.576,0.5558,0.0449,0.6614
onmanifold_steer,Sketch,0.7,122,1.0,0.4673,0.4212,0.0,0.544
onmanifold_steer,Sketch,0.7,160,0.0,0.3522,0.3341,0.0,0.0
onmanifold_steer,Sketch,0.7,152,1.0,0.4768,0.3767,0.0,0.5215
onmanifold_steer,Sketch,0.7,231,1.0,0.512,0.3414,0.0,0.51
onmanifold_steer,Sketch,0.7,118,1.0,0.4818,0.3269,0.0,0.489
onmanifold_steer,Sketch,0.7,201,0.0,0.5226,0.3419,0.0,0.0
onmanifold_steer,Sketch,0.7,47,1.0,0.6455,0.3178,0.0,0.5267
onmanifold_steer,Sketch,0.7,135,1.0,0.532,0.3221,0.0,0.5013
onmanifold_steer,Sketch,0.7,91,1.0,0.4769,0.346,0.0,0.5011
onmanifold_steer,Sketch,0.7,136,1.0,0.5187,0.3406,0.0,0.5116
onmanifold_steer,Sketch,0.7,77,1.0,0.2666,0.3057,0.0,0.374
onmanifold_steer,Sketch,0.7,59,1.0,0.382,0.3416,0.0,0.4584
onmanifold_steer,Sketch,0.7,227,1.0,0.496,0.331,0.0,0.4969
onmanifold_steer,Sketch,0.7,79,0.0,0.4093,0.333,0.0,0.0
onmanifold_steer,Sketch,0.7,38,1.0,0.5441,0.3358,0.0,0.5159
onmanifold_steer,Sketch,0.7,172,0.0,0.247,0.2975,0.0,0.0
onmanifold_steer,Sketch,0.7,19,0.0,0.3494,0.3437,0.0,0.0
onmanifold_steer,Sketch,0.7,222,1.0,0.5878,0.2841,0.0,0.4823
onmanifold_steer,Sketch,0.7,204,1.0,0.1923,0.3218,0.0,0.3223
onmanifold_steer,Sketch,0.7,179,1.0,0.5462,0.306,0.0,0.4919
onmanifold_steer,Sketch,0.7,22,1.0,0.5069,0.3185,0.0,0.4908
onmanifold_steer,Sketch,0.7,57,0.0,0.5142,0.3009,0.0,0.0
onmanifold_steer,Sketch,0.7,139,0.0,0.4279,0.3115,0.0,0.0
onmanifold_steer,Sketch,0.7,14,0.0,0.5335,0.2727,0.0,0.0
clamp_steer,Sketch,0.7,122,1.0,0.4882,0.283,0.3311,0.4558
clamp_steer,Sketch,0.7,160,0.0,0.4463,0.2247,0.5813,0.0
clamp_steer,Sketch,0.7,152,1.0,0.4009,0.2451,0.4127,0.3961
clamp_steer,Sketch,0.7,231,1.0,0.5576,0.2327,0.6556,0.4231
clamp_steer,Sketch,0.7,118,1.0,0.3873,0.2107,0.47,0.3602
clamp_steer,Sketch,0.7,201,0.0,0.607,0.228,0.322,0.0
clamp_steer,Sketch,0.7,47,1.0,0.6011,0.2117,0.6101,0.4061
clamp_steer,Sketch,0.7,135,1.0,0.5647,0.2314,0.3951,0.423
clamp_steer,Sketch,0.7,91,1.0,0.389,0.2483,0.5106,0.3949
clamp_steer,Sketch,0.7,136,1.0,0.5142,0.2211,0.2735,0.4018
clamp_steer,Sketch,0.7,77,1.0,0.1145,0.2063,0.3807,0.2057
clamp_steer,Sketch,0.7,59,1.0,0.5192,0.2338,0.4003,0.4165
clamp_steer,Sketch,0.7,227,1.0,0.3083,0.2224,0.4599,0.3432
clamp_steer,Sketch,0.7,79,0.0,0.5047,0.2042,0.3984,0.0
clamp_steer,Sketch,0.7,38,1.0,0.4305,0.2176,0.6055,0.3789
clamp_steer,Sketch,0.7,172,0.0,0.2992,0.1958,0.5213,0.0
clamp_steer,Sketch,0.7,19,0.0,0.4625,0.2397,0.2999,0.0
clamp_steer,Sketch,0.7,222,1.0,0.6402,0.2036,0.4322,0.4014
clamp_steer,Sketch,0.7,204,1.0,0.3492,0.204,0.3152,0.3423
clamp_steer,Sketch,0.7,179,1.0,0.6113,0.2206,0.2742,0.4184
clamp_steer,Sketch,0.7,22,1.0,0.3968,0.2147,0.3932,0.3669
clamp_steer,Sketch,0.7,57,0.0,0.5909,0.1942,0.4892,0.0
clamp_steer,Sketch,0.7,139,0.0,0.1709,0.1907,0.4948,0.0
clamp_steer,Sketch,0.7,14,0.0,0.2905,0.1877,0.6944,0.0
naive_steer,Sketch,0.7,122,1.0,0.4882,0.4235,0.3311,0.5546
naive_steer,Sketch,0.7,160,0.0,0.4463,0.3359,0.5813,0.0
naive_steer,Sketch,0.7,152,1.0,0.4009,0.3771,0.4127,0.4881
naive_steer,Sketch,0.7,231,1.0,0.5576,0.3414,0.6556,0.5242
naive_steer,Sketch,0.7,118,1.0,0.3873,0.3247,0.47,0.4503
naive_steer,Sketch,0.7,201,0.0,0.607,0.3416,0.322,0.0
naive_steer,Sketch,0.7,47,1.0,0.6011,0.3249,0.6101,0.5225
naive_steer,Sketch,0.7,135,1.0,0.5647,0.3227,0.3951,0.5111
naive_steer,Sketch,0.7,91,1.0,0.389,0.3477,0.5106,0.4653
naive_steer,Sketch,0.7,136,1.0,0.5142,0.3426,0.2735,0.5116
naive_steer,Sketch,0.7,77,1.0,0.1145,0.304,0.3807,0.2304
naive_steer,Sketch,0.7,59,1.0,0.5192,0.3407,0.4003,0.5118
naive_steer,Sketch,0.7,227,1.0,0.3083,0.3325,0.4599,0.4137
naive_steer,Sketch,0.7,79,0.0,0.5047,0.3319,0.3984,0.0
naive_steer,Sketch,0.7,38,1.0,0.4305,0.3316,0.6055,0.4733
naive_steer,Sketch,0.7,172,0.0,0.2992,0.2984,0.5213,0.0
naive_steer,Sketch,0.7,19,0.0,0.4625,0.3456,0.2999,0.0
naive_steer,Sketch,0.7,222,1.0,0.6402,0.2919,0.4322,0.501
naive_steer,Sketch,0.7,204,1.0,0.3492,0.3205,0.3152,0.4296
naive_steer,Sketch,0.7,179,1.0,0.6113,0.3066,0.2742,0.5087
naive_steer,Sketch,0.7,22,1.0,0.3968,0.3181,0.3932,0.4502
naive_steer,Sketch,0.7,57,0.0,0.5909,0.3035,0.4892,0.0
naive_steer,Sketch,0.7,139,0.0,0.1709,0.3133,0.4948,0.0
naive_steer,Sketch,0.7,14,0.0,0.2905,0.2821,0.6944,0.0
random_steer,Sketch,0.7,122,1.0,0.0,0.0527,0.8724,0.0
random_steer,Sketch,0.7,160,0.0,0.0,0.0588,0.8724,0.0
random_steer,Sketch,0.7,152,0.0,0.0,0.0041,0.8724,0.0
random_steer,Sketch,0.7,231,1.0,0.0,0.045,0.8724,0.0
random_steer,Sketch,0.7,118,0.0,0.0,0.0588,0.8724,0.0
random_steer,Sketch,0.7,201,1.0,0.0,0.0527,0.8724,0.0
random_steer,Sketch,0.7,47,1.0,0.0,0.045,0.8724,0.0
random_steer,Sketch,0.7,135,1.0,0.0,0.045,0.8724,0.0
random_steer,Sketch,0.7,91,1.0,0.0,0.0865,0.8724,0.0
random_steer,Sketch,0.7,136,1.0,0.0,0.0865,0.8724,0.0
random_steer,Sketch,0.7,77,0.0,0.0,0.0588,0.8724,0.0
random_steer,Sketch,0.7,59,0.0,0.0,0.0041,0.8724,0.0
random_steer,Sketch,0.7,227,1.0,0.0,0.0865,0.8724,0.0
random_steer,Sketch,0.7,79,1.0,0.0,0.0865,0.8724,0.0
random_steer,Sketch,0.7,38,1.0,0.0,0.0865,0.8724,0.0
random_steer,Sketch,0.7,172,0.0,0.0,0.0588,0.8724,0.0
random_steer,Sketch,0.7,19,1.0,0.0,0.0042,0.8724,0.0
random_steer,Sketch,0.7,222,0.0,0.0,0.0588,0.8724,0.0
random_steer,Sketch,0.7,204,1.0,0.0,0.0865,0.8724,0.0
random_steer,Sketch,0.7,179,1.0,0.0,0.0527,0.8724,0.0
random_steer,Sketch,0.7,22,1.0,0.0,0.0865,0.8724,0.0
random_steer,Sketch,0.7,57,1.0,0.0,0.0527,0.8724,0.0
random_steer,Sketch,0.7,139,1.0,0.0,0.0865,0.8724,0.0
random_steer,Sketch,0.7,14,0.0,0.0,0.0588,0.8724,0.0
supervised_steer,C-3,1.05,122,1.0,0.7302,0.552,0.0199,0.7175
supervised_steer,C-3,1.05,160,1.0,0.576,0.5335,0.0449,0.6507
supervised_steer,C-3,1.05,152,1.0,0.5071,0.5914,0.0257,0.6434
supervised_steer,C-3,1.05,231,1.0,0.6566,0.5437,0.0389,0.6877
supervised_steer,C-3,1.05,118,1.0,0.576,0.5335,0.0449,0.6507
supervised_steer,C-3,1.05,201,1.0,0.7302,0.552,0.0199,0.7175
supervised_steer,C-3,1.05,47,1.0,0.6566,0.5437,0.0389,0.6877
supervised_steer,C-3,1.05,135,1.0,0.6566,0.5437,0.0389,0.6877
supervised_steer,C-3,1.05,91,1.0,0.6354,0.5901,0.0283,0.7029
supervised_steer,C-3,1.05,136,1.0,0.6354,0.5901,0.0283,0.7029
supervised_steer,C-3,1.05,77,1.0,0.576,0.5335,0.0449,0.6507
supervised_steer,C-3,1.05,59,1.0,0.5071,0.5914,0.0257,0.6434
supervised_steer,C-3,1.05,227,1.0,0.6354,0.5901,0.0283,0.7029
supervised_steer,C-3,1.05,79,1.0,0.6354,0.5901,0.0283,0.7029
supervised_steer,C-3,1.05,38,1.0,0.6354,0.5901,0.0283,0.7029
supervised_steer,C-3,1.05,172,1.0,0.576,0.5335,0.0449,0.6507
supervised_steer,C-3,1.05,19,1.0,0.5336,0.5965,0.0373,0.6592
supervised_steer,C-3,1.05,222,1.0,0.576,0.5335,0.0449,0.6507
supervised_steer,C-3,1.05,204,1.0,0.6354,0.5901,0.0283,0.7029
supervised_steer,C-3,1.05,179,1.0,0.7302,0.552,0.0199,0.7175
supervised_steer,C-3,1.05,22,1.0,0.6354,0.5901,0.0283,0.7029
supervised_steer,C-3,1.05,57,1.0,0.7302,0.552,0.0199,0.7175
supervised_steer,C-3,1.05,139,1.0,0.6354,0.5901,0.0283,0.7029
supervised_steer,C-3,1.05,14,1.0,0.576,0.5335,0.0449,0.6507
onmanifold_steer,C-3,1.05,122,1.0,0.4673,0.3935,0.0,0.528
onmanifold_steer,C-3,1.05,160,0.0,0.3522,0.3207,0.0,0.0
onmanifold_steer,C-3,1.05,152,1.0,0.4768,0.3553,0.0,0.5074
onmanifold_steer,C-3,1.05,231,1.0,0.512,0.3269,0.0,0.499
onmanifold_steer,C-3,1.05,118,1.0,0.4818,0.3138,0.0,0.479
onmanifold_steer,C-3,1.05,201,0.0,0.5226,0.3194,0.0,0.0
onmanifold_steer,C-3,1.05,47,1.0,0.6455,0.3044,0.0,0.5142
onmanifold_steer,C-3,1.05,135,1.0,0.532,0.3085,0.0,0.4901
onmanifold_steer,C-3,1.05,91,1.0,0.4769,0.3326,0.0,0.4915
onmanifold_steer,C-3,1.05,136,1.0,0.5187,0.3274,0.0,0.5014
onmanifold_steer,C-3,1.05,77,1.0,0.2666,0.2935,0.0,0.3677
onmanifold_steer,C-3,1.05,59,1.0,0.382,0.3222,0.0,0.4464
onmanifold_steer,C-3,1.05,227,1.0,0.496,0.3181,0.0,0.487
onmanifold_steer,C-3,1.05,79,0.0,0.4093,0.3201,0.0,0.0
onmanifold_steer,C-3,1.05,38,1.0,0.5441,0.3228,0.0,0.5054
onmanifold_steer,C-3,1.05,172,0.0,0.247,0.2856,0.0,0.0
onmanifold_steer,C-3,1.05,19,0.0,0.3494,0.3175,0.0,0.0
onmanifold_steer,C-3,1.05,222,1.0,0.5878,0.2728,0.0,0.4711
onmanifold_steer,C-3,1.05,204,1.0,0.1923,0.3093,0.0,0.318
onmanifold_steer,C-3,1.05,179,1.0,0.5462,0.2859,0.0,0.474
onmanifold_steer,C-3,1.05,22,1.0,0.5069,0.3062,0.0,0.4809
onmanifold_steer,C-3,1.05,57,0.0,0.5142,0.2811,0.0,0.0
onmanifold_steer,C-3,1.05,139,0.0,0.4279,0.2994,0.0,0.0
onmanifold_steer,C-3,1.05,14,0.0,0.5335,0.2618,0.0,0.0
clamp_steer,C-3,1.05,122,1.0,0.4882,0.2634,0.3311,0.4383
clamp_steer,C-3,1.05,160,0.0,0.4463,0.216,0.5813,0.0
clamp_steer,C-3,1.05,152,1.0,0.4009,0.2293,0.4127,0.3819
clamp_steer,C-3,1.05,231,1.0,0.5576,0.222,0.6556,0.4111
clamp_steer,C-3,1.05,118,1.0,0.3873,0.2005,0.47,0.35
clamp_steer,C-3,1.05,201,0.0,0.607,0.2129,0.322,0.0
clamp_steer,C-3,1.05,47,1.0,0.6011,0.2021,0.6101,0.3941
clamp_steer,C-3,1.05,135,1.0,0.5647,0.2196,0.3951,0.4096
clamp_steer,C-3,1.05,91,1.0,0.389,0.2366,0.5106,0.3848
clamp_steer,C-3,1.05,136,1.0,0.5142,0.2132,0.2735,0.3929
clamp_steer,C-3,1.05,77,1.0,0.1145,0.1953,0.3807,0.202
clamp_steer,C-3,1.05,59,1.0,0.5192,0.2192,0.4003,0.4007
clamp_steer,C-3,1.05,227,1.0,0.3083,0.2138,0.4599,0.3363
clamp_steer,C-3,1.05,79,0.0,0.5047,0.1964,0.3984,0.0
clamp_steer,C-3,1.05,38,1.0,0.4305,0.2101,0.6055,0.3712
clamp_steer,C-3,1.05,172,0.0,0.2992,0.1891,0.5213,0.0
clamp_steer,C-3,1.05,19,0.0,0.4625,0.2214,0.2999,0.0
clamp_steer,C-3,1.05,222,1.0,0.6402,0.1933,0.4322,0.3878
clamp_steer,C-3,1.05,204,1.0,0.3492,0.1955,0.3152,0.3341
clamp_steer,C-3,1.05,179,1.0,0.6113,0.2032,0.2742,0.397
clamp_steer,C-3,1.05,22,1.0,0.3968,0.207,0.3932,0.3593
clamp_steer,C-3,1.05,57,0.0,0.5909,0.1816,0.4892,0.0
clamp_steer,C-3,1.05,139,0.0,0.1709,0.1827,0.4948,0.0
clamp_steer,C-3,1.05,14,0.0,0.2905,0.181,0.6944,0.0
naive_steer,C-3,1.05,122,1.0,0.4882,0.3957,0.3311,0.5381
naive_steer,C-3,1.05,160,0.0,0.4463,0.3224,0.5813,0.0
naive_steer,C-3,1.05,152,1.0,0.4009,0.3557,0.4127,0.4757
naive_steer,C-3,1.05,231,1.0,0.5576,0.3269,0.6556,0.5126
naive_steer,C-3,1.05,118,1.0,0.3873,0.3117,0.47,0.4418
naive_steer,C-3,1.05,201,0.0,0.607,0.3191,0.322,0.0
naive_steer,C-3,1.05,47,1.0,0.6011,0.3112,0.6101,0.5104
naive_steer,C-3,1.05,135,1.0,0.5647,0.309,0.3951,0.4994
naive_steer,C-3,1.05,91,1.0,0.389,0.3342,0.5106,0.4571
naive_steer,C-3,1.05,136,1.0,0.5142,0.3293,0.2735,0.5016
naive_steer,C-3,1.05,77,1.0,0.1145,0.2918,0.3807,0.2279
naive_steer,C-3,1.05,59,1.0,0.5192,0.3213,0.4003,0.4968
naive_steer,C-3,1.05,227,1.0,0.3083,0.3196,0.4599,0.4069
naive_steer,C-3,1.05,79,0.0,0.5047,0.3191,0.3984,0.0
naive_steer,C-3,1.05,38,1.0,0.4305,0.3187,0.6055,0.4644
naive_steer,C-3,1.05,172,0.0,0.2992,0.2864,0.5213,0.0
naive_steer,C-3,1.05,19,0.0,0.4625,0.3192,0.2999,0.0
naive_steer,C-3,1.05,222,1.0,0.6402,0.2802,0.4322,0.4893
naive_steer,C-3,1.05,204,1.0,0.3492,0.308,0.3152,0.422
naive_steer,C-3,1.05,179,1.0,0.6113,0.2865,0.2742,0.4897
naive_steer,C-3,1.05,22,1.0,0.3968,0.3057,0.3932,0.4417
naive_steer,C-3,1.05,57,0.0,0.5909,0.2835,0.4892,0.0
naive_steer,C-3,1.05,139,0.0,0.1709,0.3011,0.4948,0.0
naive_steer,C-3,1.05,14,0.0,0.2905,0.2708,0.6944,0.0
random_steer,C-3,1.05,122,1.0,0.0,0.0492,0.8724,0.0
random_steer,C-3,1.05,160,0.0,0.0,0.0564,0.8724,0.0
random_steer,C-3,1.05,152,0.0,0.0,0.0039,0.8724,0.0
random_steer,C-3,1.05,231,1.0,0.0,0.0431,0.8724,0.0
random_steer,C-3,1.05,118,0.0,0.0,0.0564,0.8724,0.0
random_steer,C-3,1.05,201,1.0,0.0,0.0492,0.8724,0.0
random_steer,C-3,1.05,47,1.0,0.0,0.0431,0.8724,0.0
random_steer,C-3,1.05,135,1.0,0.0,0.0431,0.8724,0.0
random_steer,C-3,1.05,91,1.0,0.0,0.0832,0.8724,0.0
random_steer,C-3,1.05,136,1.0,0.0,0.0832,0.8724,0.0
random_steer,C-3,1.05,77,0.0,0.0,0.0564,0.8724,0.0
random_steer,C-3,1.05,59,0.0,0.0,0.0039,0.8724,0.0
random_steer,C-3,1.05,227,1.0,0.0,0.0832,0.8724,0.0
random_steer,C-3,1.05,79,1.0,0.0,0.0832,0.8724,0.0
random_steer,C-3,1.05,38,1.0,0.0,0.0832,0.8724,0.0
random_steer,C-3,1.05,172,0.0,0.0,0.0564,0.8724,0.0
random_steer,C-3,1.05,19,1.0,0.0,0.0038,0.8724,0.0
random_steer,C-3,1.05,222,0.0,0.0,0.0564,0.8724,0.0
random_steer,C-3,1.05,204,1.0,0.0,0.0832,0.8724,0.0
random_steer,C-3,1.05,179,1.0,0.0,0.0492,0.8724,0.0
random_steer,C-3,1.05,22,1.0,0.0,0.0832,0.8724,0.0
random_steer,C-3,1.05,57,1.0,0.0,0.0492,0.8724,0.0
random_steer,C-3,1.05,139,1.0,0.0,0.0832,0.8724,0.0
random_steer,C-3,1.05,14,0.0,0.0,0.0564,0.8724,0.0
supervised_steer,C-5,1.55,122,1.0,0.7302,0.4795,0.0199,0.6734
supervised_steer,C-5,1.55,160,1.0,0.576,0.479,0.0449,0.6219
supervised_steer,C-5,1.55,152,1.0,0.5071,0.5167,0.0257,0.6113
supervised_steer,C-5,1.55,231,1.0,0.6566,0.4846,0.0389,0.6541
supervised_steer,C-5,1.55,118,1.0,0.576,0.479,0.0449,0.6219
supervised_steer,C-5,1.55,201,1.0,0.7302,0.4795,0.0199,0.6734
supervised_steer,C-5,1.55,47,1.0,0.6566,0.4846,0.0389,0.6541
supervised_steer,C-5,1.55,135,1.0,0.6566,0.4846,0.0389,0.6541
supervised_steer,C-5,1.55,91,1.0,0.6354,0.523,0.0283,0.6688
supervised_steer,C-5,1.55,136,1.0,0.6354,0.523,0.0283,0.6688
supervised_steer,C-5,1.55,77,1.0,0.576,0.479,0.0449,0.6219
supervised_steer,C-5,1.55,59,1.0,0.5071,0.5167,0.0257,0.6113
supervised_steer,C-5,1.55,227,1.0,0.6354,0.523,0.0283,0.6688
supervised_steer,C-5,1.55,79,1.0,0.6354,0.523,0.0283,0.6688
supervised_steer,C-5,1.55,38,1.0,0.6354,0.523,0.0283,0.6688
supervised_steer,C-5,1.55,172,1.0,0.576,0.479,0.0449,0.6219
supervised_steer,C-5,1.55,19,1.0,0.5336,0.5097,0.0373,0.6203
supervised_steer,C-5,1.55,222,1.0,0.576,0.479,0.0449,0.6219
supervised_steer,C-5,1.55,204,1.0,0.6354,0.523,0.0283,0.6688
supervised_steer,C-5,1.55,179,1.0,0.7302,0.4795,0.0199,0.6734
supervised_steer,C-5,1.55,22,1.0,0.6354,0.523,0.0283,0.6688
supervised_steer,C-5,1.55,57,1.0,0.7302,0.4795,0.0199,0.6734
supervised_steer,C-5,1.55,139,1.0,0.6354,0.523,0.0283,0.6688
supervised_steer,C-5,1.55,14,1.0,0.576,0.479,0.0449,0.6219
onmanifold_steer,C-5,1.55,122,1.0,0.4673,0.3418,0.0,0.4946
onmanifold_steer,C-5,1.55,160,0.0,0.3522,0.2879,0.0,0.0
onmanifold_steer,C-5,1.55,152,1.0,0.4768,0.3104,0.0,0.4748
onmanifold_steer,C-5,1.55,231,1.0,0.512,0.2914,0.0,0.4699
onmanifold_steer,C-5,1.55,118,1.0,0.4818,0.2817,0.0,0.4528
onmanifold_steer,C-5,1.55,201,0.0,0.5226,0.2775,0.0,0.0
onmanifold_steer,C-5,1.55,47,1.0,0.6455,0.2713,0.0,0.4811
onmanifold_steer,C-5,1.55,135,1.0,0.532,0.275,0.0,0.4604
onmanifold_steer,C-5,1.55,91,1.0,0.4769,0.2947,0.0,0.4623
onmanifold_steer,C-5,1.55,136,1.0,0.5187,0.2901,0.0,0.4706
onmanifold_steer,C-5,1.55,77,1.0,0.2666,0.2635,0.0,0.351
onmanifold_steer,C-5,1.55,59,1.0,0.382,0.2815,0.0,0.4184
onmanifold_steer,C-5,1.55,227,1.0,0.496,0.2819,0.0,0.4571
onmanifold_steer,C-5,1.55,79,0.0,0.4093,0.2836,0.0,0.0
onmanifold_steer,C-5,1.55,38,1.0,0.5441,0.286,0.0,0.4736
onmanifold_steer,C-5,1.55,172,0.0,0.247,0.2564,0.0,0.0
onmanifold_steer,C-5,1.55,19,0.0,0.3494,0.2713,0.0,0.0
onmanifold_steer,C-5,1.55,222,1.0,0.5878,0.2449,0.0,0.4422
onmanifold_steer,C-5,1.55,204,1.0,0.1923,0.2741,0.0,0.3046
onmanifold_steer,C-5,1.55,179,1.0,0.5462,0.2483,0.0,0.4375
onmanifold_steer,C-5,1.55,22,1.0,0.5069,0.2713,0.0,0.4506
onmanifold_steer,C-5,1.55,57,0.0,0.5142,0.2441,0.0,0.0
onmanifold_steer,C-5,1.55,139,0.0,0.4279,0.2653,0.0,0.0
onmanifold_steer,C-5,1.55,14,0.0,0.5335,0.2351,0.0,0.0
clamp_steer,C-5,1.55,122,1.0,0.4882,0.2272,0.3311,0.4027
clamp_steer,C-5,1.55,160,0.0,0.4463,0.1943,0.5813,0.0
clamp_steer,C-5,1.55,152,1.0,0.4009,0.1978,0.4127,0.3509
clamp_steer,C-5,1.55,231,1.0,0.5576,0.1951,0.6556,0.3788
clamp_steer,C-5,1.55,118,1.0,0.3873,0.1787,0.47,0.3269
clamp_steer,C-5,1.55,201,0.0,0.607,0.186,0.322,0.0
clamp_steer,C-5,1.55,47,1.0,0.6011,0.1797,0.6101,0.3646
clamp_steer,C-5,1.55,135,1.0,0.5647,0.1948,0.3951,0.3795
clamp_steer,C-5,1.55,91,1.0,0.389,0.2093,0.5106,0.3593
clamp_steer,C-5,1.55,136,1.0,0.5142,0.1897,0.2735,0.3651
clamp_steer,C-5,1.55,77,1.0,0.1145,0.1739,0.3807,0.1938
clamp_steer,C-5,1.55,59,1.0,0.5192,0.1912,0.4003,0.3678
clamp_steer,C-5,1.55,227,1.0,0.3083,0.1875,0.4599,0.3132
clamp_steer,C-5,1.55,79,0.0,0.5047,0.1734,0.3984,0.0
clamp_steer,C-5,1.55,38,1.0,0.4305,0.185,0.6055,0.3437
clamp_steer,C-5,1.55,172,0.0,0.2992,0.17,0.5213,0.0
clamp_steer,C-5,1.55,19,0.0,0.4625,0.1899,0.2999,0.0
clamp_steer,C-5,1.55,222,1.0,0.6402,0.1728,0.4322,0.3594
clamp_steer,C-5,1.55,204,1.0,0.3492,0.1725,0.3152,0.3105
clamp_steer,C-5,1.55,179,1.0,0.6113,0.1752,0.2742,0.3595
clamp_steer,C-5,1.55,22,1.0,0.3968,0.1834,0.3932,0.3344
clamp_steer,C-5,1.55,57,0.0,0.5909,0.1578,0.4892,0.0
clamp_steer,C-5,1.55,139,0.0,0.1709,0.1629,0.4948,0.0
clamp_steer,C-5,1.55,14,0.0,0.2905,0.163,0.6944,0.0
naive_steer,C-5,1.55,122,1.0,0.4882,0.3437,0.3311,0.5035
naive_steer,C-5,1.55,160,0.0,0.4463,0.2895,0.5813,0.0
naive_steer,C-5,1.55,152,1.0,0.4009,0.3108,0.4127,0.4469
naive_steer,C-5,1.55,231,1.0,0.5576,0.2914,0.6556,0.4819
naive_steer,C-5,1.55,118,1.0,0.3873,0.2799,0.47,0.4193
naive_steer,C-5,1.55,201,0.0,0.607,0.2772,0.322,0.0
naive_steer,C-5,1.55,47,1.0,0.6011,0.2774,0.6101,0.4785
naive_steer,C-5,1.55,135,1.0,0.5647,0.2755,0.3951,0.4687
naive_steer,C-5,1.55,91,1.0,0.389,0.2962,0.5106,0.4318
naive_steer,C-5,1.55,136,1.0,0.5142,0.2918,0.2735,0.4709
naive_steer,C-5,1.55,77,1.0,0.1145,0.262,0.3807,0.2214
naive_steer,C-5,1.55,59,1.0,0.5192,0.2808,0.4003,0.4624
naive_steer,C-5,1.55,227,1.0,0.3083,0.2832,0.4599,0.3859
naive_steer,C-5,1.55,79,0.0,0.5047,0.2827,0.3984,0.0
naive_steer,C-5,1.55,38,1.0,0.4305,0.2824,0.6055,0.4371
naive_steer,C-5,1.55,172,0.0,0.2992,0.2572,0.5213,0.0
naive_steer,C-5,1.55,19,0.0,0.4625,0.2728,0.2999,0.0
naive_steer,C-5,1.55,222,1.0,0.6402,0.2516,0.4322,0.4589
naive_steer,C-5,1.55,204,1.0,0.3492,0.273,0.3152,0.3986
naive_steer,C-5,1.55,179,1.0,0.6113,0.2488,0.2742,0.4508
naive_steer,C-5,1.55,22,1.0,0.3968,0.2709,0.3932,0.416
naive_steer,C-5,1.55,57,0.0,0.5909,0.2463,0.4892,0.0
naive_steer,C-5,1.55,139,0.0,0.1709,0.2669,0.4948,0.0
naive_steer,C-5,1.55,14,0.0,0.2905,0.2431,0.6944,0.0
random_steer,C-5,1.55,122,1.0,0.0,0.0427,0.8724,0.0
random_steer,C-5,1.55,160,0.0,0.0,0.0507,0.8724,0.0
random_steer,C-5,1.55,152,0.0,0.0,0.0034,0.8724,0.0
random_steer,C-5,1.55,231,1.0,0.0,0.0384,0.8724,0.0
random_steer,C-5,1.55,118,0.0,0.0,0.0507,0.8724,0.0
random_steer,C-5,1.55,201,1.0,0.0,0.0427,0.8724,0.0
random_steer,C-5,1.55,47,1.0,0.0,0.0384,0.8724,0.0
random_steer,C-5,1.55,135,1.0,0.0,0.0384,0.8724,0.0
random_steer,C-5,1.55,91,1.0,0.0,0.0737,0.8724,0.0
random_steer,C-5,1.55,136,1.0,0.0,0.0737,0.8724,0.0
random_steer,C-5,1.55,77,0.0,0.0,0.0507,0.8724,0.0
random_steer,C-5,1.55,59,0.0,0.0,0.0034,0.8724,0.0
random_steer,C-5,1.55,227,1.0,0.0,0.0737,0.8724,0.0
random_steer,C-5,1.55,79,1.0,0.0,0.0737,0.8724,0.0
random_steer,C-5,1.55,38,1.0,0.0,0.0737,0.8724,0.0
random_steer,C-5,1.55,172,0.0,0.0,0.0507,0.8724,0.0
random_steer,C-5,1.55,19,1.0,0.0,0.0033,0.8724,0.0
random_steer,C-5,1.55,222,0.0,0.0,0.0507,0.8724,0.0
random_steer,C-5,1.55,204,1.0,0.0,0.0737,0.8724,0.0
random_steer,C-5,1.55,179,1.0,0.0,0.0427,0.8724,0.0
random_steer,C-5,1.55,22,1.0,0.0,0.0737,0.8724,0.0
random_steer,C-5,1.55,57,1.0,0.0,0.0427,0.8724,0.0
random_steer,C-5,1.55,139,1.0,0.0,0.0737,0.8724,0.0
random_steer,C-5,1.55,14,0.0,0.0,0.0507,0.8724,0.0
supervised_steer,ObjectNet,2.1,122,1.0,0.7302,0.4027,0.0199,0.6183
supervised_steer,ObjectNet,2.1,160,1.0,0.576,0.4117,0.0449,0.5808
supervised_steer,ObjectNet,2.1,152,1.0,0.5071,0.4339,0.0257,0.5685
supervised_steer,ObjectNet,2.1,231,1.0,0.6566,0.4128,0.0389,0.6066
supervised_steer,ObjectNet,2.1,118,1.0,0.576,0.4117,0.0449,0.5808
supervised_steer,ObjectNet,2.1,201,1.0,0.7302,0.4027,0.0199,0.6183
supervised_steer,ObjectNet,2.1,47,1.0,0.6566,0.4128,0.0389,0.6066
supervised_steer,ObjectNet,2.1,135,1.0,0.6566,0.4128,0.0389,0.6066
supervised_steer,ObjectNet,2.1,91,1.0,0.6354,0.4401,0.0283,0.6191
supervised_steer,ObjectNet,2.1,136,1.0,0.6354,0.4401,0.0283,0.6191
supervised_steer,ObjectNet,2.1,77,1.0,0.576,0.4117,0.0449,0.5808
supervised_steer,ObjectNet,2.1,59,1.0,0.5071,0.4339,0.0257,0.5685
supervised_steer,ObjectNet,2.1,227,1.0,0.6354,0.4401,0.0283,0.6191
supervised_steer,ObjectNet,2.1,79,1.0,0.6354,0.4401,0.0283,0.6191
supervised_steer,ObjectNet,2.1,38,1.0,0.6354,0.4401,0.0283,0.6191
supervised_steer,ObjectNet,2.1,172,1.0,0.576,0.4117,0.0449,0.5808
supervised_steer,ObjectNet,2.1,19,1.0,0.5336,0.4224,0.0373,0.5724
supervised_steer,ObjectNet,2.1,222,1.0,0.576,0.4117,0.0449,0.5808
supervised_steer,ObjectNet,2.1,204,1.0,0.6354,0.4401,0.0283,0.6191
supervised_steer,ObjectNet,2.1,179,1.0,0.7302,0.4027,0.0199,0.6183
supervised_steer,ObjectNet,2.1,22,1.0,0.6354,0.4401,0.0283,0.6191
supervised_steer,ObjectNet,2.1,57,1.0,0.7302,0.4027,0.0199,0.6183
supervised_steer,ObjectNet,2.1,139,1.0,0.6354,0.4401,0.0283,0.6191
supervised_steer,ObjectNet,2.1,14,1.0,0.576,0.4117,0.0449,0.5808
onmanifold_steer,ObjectNet,2.1,122,1.0,0.4673,0.2871,0.0,0.4529
onmanifold_steer,ObjectNet,2.1,160,0.0,0.3522,0.2474,0.0,0.0
onmanifold_steer,ObjectNet,2.1,152,1.0,0.4768,0.2607,0.0,0.4327
onmanifold_steer,ObjectNet,2.1,231,1.0,0.512,0.2483,0.0,0.4297
onmanifold_steer,ObjectNet,2.1,118,1.0,0.4818,0.2421,0.0,0.4163
onmanifold_steer,ObjectNet,2.1,201,0.0,0.5226,0.2331,0.0,0.0
onmanifold_steer,ObjectNet,2.1,47,1.0,0.6455,0.2311,0.0,0.4363
onmanifold_steer,ObjectNet,2.1,135,1.0,0.532,0.2343,0.0,0.4197
onmanifold_steer,ObjectNet,2.1,91,1.0,0.4769,0.2481,0.0,0.4209
onmanifold_steer,ObjectNet,2.1,136,1.0,0.5187,0.2441,0.0,0.4271
onmanifold_steer,ObjectNet,2.1,77,1.0,0.2666,0.2264,0.0,0.3272
onmanifold_steer,ObjectNet,2.1,59,1.0,0.382,0.2364,0.0,0.3823
onmanifold_steer,ObjectNet,2.1,227,1.0,0.496,0.2373,0.0,0.4149
onmanifold_steer,ObjectNet,2.1,79,0.0,0.4093,0.2387,0.0,0.0
onmanifold_steer,ObjectNet,2.1,38,1.0,0.5441,0.2407,0.0,0.4291
onmanifold_steer,ObjectNet,2.1,172,0.0,0.247,0.2203,0.0,0.0
onmanifold_steer,ObjectNet,2.1,19,0.0,0.3494,0.2249,0.0,0.0
onmanifold_steer,ObjectNet,2.1,222,1.0,0.5878,0.2105,0.0,0.4025
onmanifold_steer,ObjectNet,2.1,204,1.0,0.1923,0.2307,0.0,0.2847
onmanifold_steer,ObjectNet,2.1,179,1.0,0.5462,0.2086,0.0,0.3934
onmanifold_steer,ObjectNet,2.1,22,1.0,0.5069,0.2283,0.0,0.408
onmanifold_steer,ObjectNet,2.1,57,0.0,0.5142,0.2051,0.0,0.0
onmanifold_steer,ObjectNet,2.1,139,0.0,0.4279,0.2233,0.0,0.0
onmanifold_steer,ObjectNet,2.1,14,0.0,0.5335,0.202,0.0,0.0
clamp_steer,ObjectNet,2.1,122,1.0,0.4882,0.1903,0.3311,0.3613
clamp_steer,ObjectNet,2.1,160,0.0,0.4463,0.168,0.5813,0.0
clamp_steer,ObjectNet,2.1,152,1.0,0.4009,0.1665,0.4127,0.3158
clamp_steer,ObjectNet,2.1,231,1.0,0.5576,0.1657,0.6556,0.3398
clamp_steer,ObjectNet,2.1,118,1.0,0.3873,0.1537,0.47,0.2973
clamp_steer,ObjectNet,2.1,201,0.0,0.607,0.1564,0.322,0.0
clamp_steer,ObjectNet,2.1,47,1.0,0.6011,0.1528,0.6101,0.3258
clamp_steer,ObjectNet,2.1,135,1.0,0.5647,0.1652,0.3951,0.34
clamp_steer,ObjectNet,2.1,91,1.0,0.389,0.1758,0.5106,0.324
clamp_steer,ObjectNet,2.1,136,1.0,0.5142,0.1594,0.2735,0.3255
clamp_steer,ObjectNet,2.1,77,1.0,0.1145,0.1488,0.3807,0.1823
clamp_steer,ObjectNet,2.1,59,1.0,0.5192,0.1605,0.4003,0.3276
clamp_steer,ObjectNet,2.1,227,1.0,0.3083,0.1581,0.4599,0.2838
clamp_steer,ObjectNet,2.1,79,0.0,0.5047,0.1463,0.3984,0.0
clamp_steer,ObjectNet,2.1,38,1.0,0.4305,0.156,0.6055,0.3082
clamp_steer,ObjectNet,2.1,172,0.0,0.2992,0.1465,0.5213,0.0
clamp_steer,ObjectNet,2.1,19,0.0,0.4625,0.1577,0.2999,0.0
clamp_steer,ObjectNet,2.1,222,1.0,0.6402,0.148,0.4322,0.322
clamp_steer,ObjectNet,2.1,204,1.0,0.3492,0.1453,0.3152,0.2792
clamp_steer,ObjectNet,2.1,179,1.0,0.6113,0.1462,0.2742,0.3166
clamp_steer,ObjectNet,2.1,22,1.0,0.3968,0.1533,0.3932,0.2987
clamp_steer,ObjectNet,2.1,57,0.0,0.5909,0.1326,0.4892,0.0
clamp_steer,ObjectNet,2.1,139,0.0,0.1709,0.1371,0.4948,0.0
clamp_steer,ObjectNet,2.1,14,0.0,0.2905,0.1396,0.6944,0.0
naive_steer,ObjectNet,2.1,122,1.0,0.4882,0.2887,0.3311,0.4607
naive_steer,ObjectNet,2.1,160,0.0,0.4463,0.2488,0.5813,0.0
naive_steer,ObjectNet,2.1,152,1.0,0.4009,0.2609,0.4127,0.4094
naive_steer,ObjectNet,2.1,231,1.0,0.5576,0.2482,0.6556,0.4398
naive_steer,ObjectNet,2.1,118,1.0,0.3873,0.2405,0.47,0.3876
naive_steer,ObjectNet,2.1,201,0.0,0.607,0.2328,0.322,0.0
naive_steer,ObjectNet,2.1,47,1.0,0.6011,0.2363,0.6101,0.435
naive_steer,ObjectNet,2.1,135,1.0,0.5647,0.2347,0.3951,0.4266
naive_steer,ObjectNet,2.1,91,1.0,0.389,0.2493,0.5106,0.3956
naive_steer,ObjectNet,2.1,136,1.0,0.5142,0.2456,0.2735,0.4276
naive_steer,ObjectNet,2.1,77,1.0,0.1145,0.2252,0.3807,0.2116
naive_steer,ObjectNet,2.1,59,1.0,0.5192,0.2357,0.4003,0.4185
naive_steer,ObjectNet,2.1,227,1.0,0.3083,0.2383,0.4599,0.3555
naive_steer,ObjectNet,2.1,79,0.0,0.5047,0.238,0.3984,0.0
naive_steer,ObjectNet,2.1,38,1.0,0.4305,0.2377,0.6055,0.3984
naive_steer,ObjectNet,2.1,172,0.0,0.2992,0.221,0.5213,0.0
naive_steer,ObjectNet,2.1,19,0.0,0.4625,0.2261,0.2999,0.0
naive_steer,ObjectNet,2.1,222,1.0,0.6402,0.2162,0.4322,0.4174
naive_steer,ObjectNet,2.1,204,1.0,0.3492,0.2297,0.3152,0.3651
naive_steer,ObjectNet,2.1,179,1.0,0.6113,0.209,0.2742,0.4043
naive_steer,ObjectNet,2.1,22,1.0,0.3968,0.228,0.3932,0.3794
naive_steer,ObjectNet,2.1,57,0.0,0.5909,0.2068,0.4892,0.0
naive_steer,ObjectNet,2.1,139,0.0,0.1709,0.2246,0.4948,0.0
naive_steer,ObjectNet,2.1,14,0.0,0.2905,0.209,0.6944,0.0
random_steer,ObjectNet,2.1,122,1.0,0.0,0.0359,0.8724,0.0
random_steer,ObjectNet,2.1,160,0.0,0.0,0.0435,0.8724,0.0
random_steer,ObjectNet,2.1,152,0.0,0.0,0.0028,0.8724,0.0
random_steer,ObjectNet,2.1,231,1.0,0.0,0.0327,0.8724,0.0
random_steer,ObjectNet,2.1,118,0.0,0.0,0.0435,0.8724,0.0
random_steer,ObjectNet,2.1,201,1.0,0.0,0.0359,0.8724,0.0
random_steer,ObjectNet,2.1,47,1.0,0.0,0.0327,0.8724,0.0
random_steer,ObjectNet,2.1,135,1.0,0.0,0.0327,0.8724,0.0
random_steer,ObjectNet,2.1,91,1.0,0.0,0.062,0.8724,0.0
random_steer,ObjectNet,2.1,136,1.0,0.0,0.062,0.8724,0.0
random_steer,ObjectNet,2.1,77,0.0,0.0,0.0435,0.8724,0.0
random_steer,ObjectNet,2.1,59,0.0,0.0,0.0028,0.8724,0.0
random_steer,ObjectNet,2.1,227,1.0,0.0,0.062,0.8724,0.0
random_steer,ObjectNet,2.1,79,1.0,0.0,0.062,0.8724,0.0
random_steer,ObjectNet,2.1,38,1.0,0.0,0.062,0.8724,0.0
random_steer,ObjectNet,2.1,172,0.0,0.0,0.0435,0.8724,0.0
random_steer,ObjectNet,2.1,19,1.0,0.0,0.0027,0.8724,0.0
random_steer,ObjectNet,2.1,222,0.0,0.0,0.0435,0.8724,0.0
random_steer,ObjectNet,2.1,204,1.0,0.0,0.062,0.8724,0.0
random_steer,ObjectNet,2.1,179,1.0,0.0,0.0359,0.8724,0.0
random_steer,ObjectNet,2.1,22,1.0,0.0,0.062,0.8724,0.0
random_steer,ObjectNet,2.1,57,1.0,0.0,0.0359,0.8724,0.0
random_steer,ObjectNet,2.1,139,1.0,0.0,0.062,0.8724,0.0
random_steer,ObjectNet,2.1,14,0.0,0.0,0.0435,0.8724,0.0
